Epoch,Loss (Total),Loss (Policy),Loss (Value),Loss (L2),Time [s]
1,5.828041076660156,4.367834091186523,1.232557773590088,0.22764846682548523,3480.4789958000183
2,5.322027206420898,4.14585018157959,0.9483972191810608,0.2277805060148239,7608.310636758804
